id_old,title
99,1984
1980,НИ СЫ. Будь уверен в своих силах и не позволяй сомнениям мешать тебе двигаться вперед
2612,Противостояние
3467,Особняк с выходом в астрал
3977,Угрюм-река. Книга 1
6370,Пять языков любви
7408,Как хочет женщина. Мастер-класс по науке секса
7486,Инферно
7853,О любви
8862,Сила воли. Как развить и укрепить
9958,Курортный обман. Рай и гад
10618,Мастер и Маргарита
11008,Не прощаюсь
11013,365 вопросов самому себе
14198,The One. Единственный
14821,"Поступай как женщина, думай как мужчина. Почему мужчины любят, но не женятся, и другие секреты сильного пола"
15350,Если наступит завтра
15430,50 правил умной дуры
16472,Мужчина и женщина. Универсальные правила
16649,Чемодан (сборник)
18685,Отцы и дети
19938,Яма
22876,Очерки по психологии сексуальности (сборник)
23224,Цветы для Элджернона
23542,"1000 и 1 день без секса. Белая книга. Чем занималась я, пока вы занимались сексом"
24624,Ярмарка тщеславия
24638,9 секс-сценариев яркого оргазма. Лучшие рецепты профессионала
24701,Евгений Онегин
25752,Вишневый сад
25783,Хитрость
25845,Палата № 6
26359,Серый
26454,Тайна замка Вержи
27580,Иной мир. Часть первая
28556,Корректировщик. Остановить прорыв!
28759,Мотивация личности. Теория Маслоу
28972,Исповедь узницы подземелья
29689,Стратегия воздействия
30529,"Неестественные причины. Записки судмедэксперта: громкие убийства, ужасающие теракты и запутанные дела"
31190,Империя Млечного Пути. Книга 1. Разведчик
31902,Девушка в тумане
32179,В поисках Янтарной комнаты
32441,Семь смертей Эвелины Хардкасл
32455,Черновик
33333,Снеговик
33857,"Женщины созданы, чтобы их…"
35893,Берсерк забытого клана. Руссия магов
36038,Альфарим. Волпер
36450,Анна Каренина
36560,Украденное письмо
36835,Ком
37043,Гильдия
37091,"Ученица. Предать, чтобы обрести себя"
37160,Лабиринт отражений
37491,"Сила подсознания, или Как изменить жизнь за 4 недели"
39323,Подарок ко дню рождения
40642,Безмолвный пациент
43867,Ком. Путь домой
44405,Три данжа
45032,Егерь Императрицы. Унтер Лёшка
46732,Десант «попаданцев»
48073,"Мозгоеды. Что в головах у тех, кто сводит нас с ума. Волшебный пинок к нормальной жизни"
49567,Записки юного врача
49579,Разбойник
50416,Темная империя. Книга третья
51229,Женщина с бумажными цветами
51824,20 000 лье под водой
51911,Мой невыносимый босс
53339,Пиявка голубых кровей
54023,"Не навреди. Истории о жизни, смерти и нейрохирургии"
54081,Убить пересмешника
55276,Искусство любить
56237,У солдата есть невеста
58044,Низший
58784,Происхождение
